Title,URL,Score,Comments,Subreddit,Timestamp (UTC)
Meirl,https://i.redd.it/in12c42jk50f1.jpeg,28670,1027,meirl,2025-05-11 13:14:19
Nurse's week .... I'd rather just be ignored ty,https://i.redd.it/3bnx8tixw50f1.jpeg,12593,1103,mildlyinfuriating,2025-05-11 14:23:53
True Legend,https://i.redd.it/67cxz21ca50f1.jpeg,26372,443,MadeMeSmile,2025-05-11 12:17:28
A work by Patrick Blower for The Telegraph,https://i.redd.it/fg6vg4tdn50f1.jpeg,12890,181,europe,2025-05-11 13:30:21
She was burned twice,https://i.redd.it/yle57cs5350f1.png,31097,154,rareinsults,2025-05-11 11:37:06
Trump administration poised to accept 'palace in the sky' as a gift for Trump from Qatar: Sources,https://abcnews.go.com/Politics/story?id=121680511,12613,942,worldnews,2025-05-11 12:31:38
"Olivia Farnsworth often referred to as the ""bionic girl"" has a rare chromosome condition called chromosome 6 deletion, which results in her experiencing no pain, hunger, or fatigue.",https://i.redd.it/7zbvb022850f1.jpeg,20256,981,interestingasfuck,2025-05-11 12:04:26
"TIL in December 2020, GoDaddy tricked employees into thinking they had earned a bonus of $650. Employees were then told they had failed a phishing test and were required to do social engineering training. After media criticism, the company apologized to its staff, but did not offer actual bonuses.",https://en.wikipedia.org/wiki/GoDaddy#COVID-19_fake_employee_bonus,6899,484,todayilearned,2025-05-11 14:34:28
trans theft auto,https://i.redd.it/e2xrukr0p50f1.jpeg,8512,120,Gamingcirclejerk,2025-05-11 13:39:29
me irl,https://i.redd.it/ai69t9wx450f1.jpeg,15564,316,me_irl,2025-05-11 11:47:01
"Narrator: it was, indeed, a bribe.",https://i.redd.it/g7r2jf8bl50f1.jpeg,7912,281,BlueskySkeets,2025-05-11 13:18:42
The only way to get her inside,https://v.redd.it/zdapyz8u150f1,12415,150,funny,2025-05-11 11:29:35
"Trump administration poised to accept 'palace in the sky' as a gift for Trump from Qatar: Sources - The luxury jumbo jet is to be used as Air Force One, sources told ABC News",https://abcnews.go.com/Politics/trump-administration-poised-accept-palace-sky-gift-trump/story?id=121680511,8247,919,technology,2025-05-11 12:42:39
"Pope Leo XIV ‚Äòdeeply saddened‚Äô by Gaza, calls for aid and a ceasefire",https://www.aljazeera.com/video/newsfeed/2025/5/11/pope-leo-xiv-deeply-saddened-by-gaza-calls-for-aid-and-a-ceasefire,8942,274,Fauxmoi,2025-05-11 12:28:53
"Fabrizio Borra (64), Alonso's physio since the Minardi days, has passed away this morning after a long fight with cancer",https://i.redd.it/ommswb63650f1.png,10789,114,formula1,2025-05-11 11:54:39
"Ricky Patel from Newark, NJ: Special Agent in Charge at Homeland Security Investigations. Let's make him famous.",https://i.redd.it/m3vu5sqkl50f1.png,6913,208,50501,2025-05-11 13:22:21
Sounds silly but‚Ä¶.,https://i.redd.it/veid32zbi50f1.jpeg,7823,77,oddlyspecific,2025-05-11 13:02:00
BREAKING: LEGO Now Required to Include FIA President Mohammed Ben Sulayem Minifigure in Every F1 Set,https://i.redd.it/j7o054szj50f1.png,7453,44,formuladank,2025-05-11 13:14:01
A RICH MAN.,https://www.reddit.com/gallery/1kjwvlj,34115,828,comics,2025-05-11 09:14:37
This little guy has childhood premium,https://v.redd.it/km6h1f7xh50f1,7617,166,BeAmazed,2025-05-11 13:00:17
Trump administration poised to accept 'palace in the sky' as a gift for Trump from Qatar,https://abcnews.go.com/Politics/story?id=121680511,9340,919,politics,2025-05-11 11:40:36
Petunia baby piglet loves showing off her blankets,https://v.redd.it/l2dwl4zxm50f1,6336,102,Eyebleach,2025-05-11 13:27:53
The Oppressed Become the Oppressors,https://i.redd.it/s4dks8n8260f1.jpeg,4285,105,MurderedByWords,2025-05-11 14:53:35
"Senator Chris Murphy to DHS Secretary Kristi Noem: ""Your dept is out of control. You are spending like you don't have a budget. You're on the verge of running out of money for the fiscal year... You are ignoring the immigration laws of this nation... and routinely violating the rights of immigrants""",https://v.redd.it/3wdj4brvo50f1,5166,820,RealTwitterAccounts,2025-05-11 13:38:51
What?,https://i.redd.it/k7z0clhta50f1.jpeg,7615,179,ExplainTheJoke,2025-05-11 12:19:54
I tell my gran I'm into embroidery and she casually drops she used to be a master,https://www.reddit.com/gallery/1kjydcq,9071,75,Embroidery,2025-05-11 10:57:37
Found this on the attic of the house I just moved into.,https://i.redd.it/vnxaygig740f1.jpeg,16085,517,gaming,2025-05-11 08:40:12
A modern way to mend broken bones,https://v.redd.it/eo5gi9iut40f1,10437,483,nextfuckinglevel,2025-05-11 10:44:50
My wife‚Äôs notification that her flight was cancelled. I‚Äôve never seen it put that way before.,https://i.redd.it/27hep9l6l50f1.jpeg,4852,187,Wellthatsucks,2025-05-11 13:17:59
Maybe Maybe Maybe,https://v.redd.it/kp95cj49g40f1,12610,191,maybemaybemaybe,2025-05-11 09:28:39
I would flub up so bad,https://v.redd.it/huaxz6cu740f1,27649,1246,SipsTea,2025-05-11 08:41:29
"CCTV footage captures the moment when undercover Isrealii forces, disguised in civilian clothing, shot and killed Palestinian youth Rami Al-Kakhn at point-blank range after surreptitiously sneaking into the Old City of Nablus in the occupied West Bank two days ago.",https://v.redd.it/1dx0xpdup50f1,3934,363,PublicFreakout,2025-05-11 13:44:11
The lack of intelligence is astounding ü§¶‚Äç‚ôÇÔ∏è,https://i.redd.it/nuhv41wls40f1.jpeg,7711,207,facepalm,2025-05-11 10:37:48
Did you all forget what a key is?,https://i.redd.it/f3ohfijdk40f1.png,9873,209,ElderScrolls,2025-05-11 09:51:56
My Mom passed away leaving thousands of hours into ACNH,https://www.reddit.com/gallery/1kk2021,3558,58,AnimalCrossing,2025-05-11 14:14:58
It's almost like that for every person,https://i.redd.it/tut0l7akt30f1.jpeg,25535,311,meme,2025-05-11 07:21:27
Blud is still traumatizes.,https://i.redd.it/ofds4ka9l50f1.jpeg,4513,130,memes,2025-05-11 13:18:26
"""We Voted Trump to Win Miami"": Venezuelan Voters Regret Their Support as ""Now He's Kicking Us Out""",https://thesarkariform.com/we-helped-trump-win-miami-now-hes-deporting-us-venezuelan-voters-amid-deportations-regret-their-support/,5804,1077,thescoop,2025-05-11 11:27:13
Found a tracker (I think) in a side of salmon,https://i.redd.it/r4ytgxf7q40f1.jpeg,7599,370,mildlyinteresting,2025-05-11 10:24:24
Mom had eyes on him the whole time......,https://v.redd.it/1givlqkhh50f1,4278,195,funnyvideos,2025-05-11 12:57:20
What game has a steep learning curve that puts you off?,https://i.redd.it/83mzzihqi50f1.png,3742,1121,Steam,2025-05-11 13:04:16
an inclusive auction,https://i.redd.it/6mg5zqju250f1.png,5015,22,antimeme,2025-05-11 11:35:27
Aw Joey and Aki are engaged!,https://i.redd.it/5afrqgiqv50f1.jpeg,2924,80,TrashTaste,2025-05-11 14:17:08
>when you buy homebrew monsters from a man in a dark alley,https://i.redd.it/uqo4o6y0m40f1.png,7371,150,dndmemes,2025-05-11 10:01:27
President of France embraces the president of Syria,https://i.redd.it/rok3cyvc350f1.jpeg,4654,466,pics,2025-05-11 11:38:59
"A young girl with her brother laying in her lap , he had just passed away from starvation , moments before this picture was taken in that hell called the Warsaw ghetto.",https://i.redd.it/6zbkhjpc340f1.jpeg,10128,1342,RareHistoricalPhotos,2025-05-11 08:16:16
"George Carlin once said, ‚ÄúNever underestimate the power of stupid people in large groups.‚Äù What is a good example of that?",https://www.reddit.com/r/AskReddit/comments/1kjwuwx/george_carlin_once_said_never_underestimate_the/,7311,3353,AskReddit,2025-05-11 09:13:14
Actor Performs Stunning Fire Scene,https://v.redd.it/5lh5nm7b830f1,52453,1380,Damnthatsinteresting,2025-05-11 05:22:17
"Rio de Janeiro, 1985",https://i.redd.it/7y5p8mcbl50f1.jpeg,3145,155,OldSchoolCool,2025-05-11 13:18:44
EUR_irl,https://i.redd.it/ymw23lbtm40f1.jpeg,6456,547,EUR_irl,2025-05-11 10:05:33
anime_irl,https://i.redd.it/5qah64kuu40f1.jpeg,5231,112,anime_irl,2025-05-11 10:50:30
"Wait a minute, holup",https://i.redd.it/j2dyojonq40f1.jpeg,6553,1028,HolUp,2025-05-11 10:26:55
"Yui Ishikawa, the JP VA for Stelle has announced the birth of her first child.",https://i.redd.it/mh50cr39050f1.png,4813,90,HonkaiStarRail,2025-05-11 11:20:41
The Oppressed Become the Oppressors,https://i.redd.it/w63tu80hd30f1.jpeg,23411,801,clevercomebacks,2025-05-11 05:51:18
Trump Takes Free Golden ‚ÄòAir Force One‚Äô from Qatar‚Äîand Keeps It After Office,https://www.thedailybeast.com/trump-takes-free-golden-air-force-one-from-qatarand-keeps-it-after-office/,5389,499,politics,2025-05-11 13:56:16
I returned home to find my cat in an unusual position.,https://v.redd.it/xmqjto1v850f1,3734,40,cats,2025-05-11 12:09:04
To promote a warning about countries you SHOULD NOT visit,https://i.redd.it/9lmkhqqp450f1.jpeg,4025,220,therewasanattempt,2025-05-11 11:45:42
Talk about no creativity and yes agenda,https://i.redd.it/vi3yeotrd50f1.gif,3527,102,whenthe,2025-05-11 12:36:26
My polynomials sound cooler now,https://i.redd.it/18sr20qof50f1.png,3214,76,mathmemes,2025-05-11 12:48:35
Just a post to acknowledge that multi coloured sprinkles exist in Middle Earth.,https://i.redd.it/f2ffvqc4u40f1.jpeg,4615,119,lotr,2025-05-11 10:48:03
Just shoot Mage Light to the top of the mountain and then your Alteration level increases to 100. What is the logic behind this?,https://i.redd.it/ckjh8qmor40f1.jpeg,4774,284,skyrim,2025-05-11 10:33:06
Baguette Copycat,http://i.imgur.com/sDufk0s.jpg,3984,21,Catswithjobs,2025-05-11 11:19:23
Classic IRyS,https://i.redd.it/eb5v981gc50f1.jpeg,3233,34,Hololive,2025-05-11 12:29:01
Smooth Operator,https://v.redd.it/bv9fm8su630f1,24317,272,interesting,2025-05-11 05:14:08
Why is this frog holding onto another decomposing frog?,https://i.redd.it/i4l5z9fpi50f1.jpeg,2841,361,Weird,2025-05-11 13:04:06
Me irl - when I finally get the chance to right all the wrong in my life.,https://i.redd.it/c7i29vgqg40f1.jpeg,6539,19,shitposting,2025-05-11 09:31:16
INSANELY close call with another Cessna,https://v.redd.it/a45y4qq7w40f1,3945,251,aviation,2025-05-11 10:58:37
AITAH for not letting my husband relight my daughters birthday candles for my 3 y/o to blow out,https://www.reddit.com/r/AITAH/comments/1kk16h0/aitah_for_not_letting_my_husband_relight_my/,2440,481,AITAH,2025-05-11 13:35:58
Me‚òÄÔ∏èIrlgbt,https://i.redd.it/3xiy8ynyw50f1.png,2069,26,me_irlgbt,2025-05-11 14:24:34
Your mother will always care for you,https://www.reddit.com/gallery/1kjz3dp,3474,121,Grimdank,2025-05-11 11:42:43
Believe in yourself [OC],https://i.redd.it/orvkva66z40f1.png,9033,173,comics,2025-05-11 11:20:35
"AIO - for ending it after he told me he wants his future wife to have a c-section, so she can stay ‚Äútight‚Äùfor him?",https://www.reddit.com/gallery/1kk0a96,2706,677,AmIOverreacting,2025-05-11 12:50:01
Father of the Year,https://v.redd.it/6wy015f5e30f1,14584,262,GuysBeingDudes,2025-05-11 05:55:08
Future best friend,https://i.redd.it/30jm2ovuj50f1.jpeg,2488,20,aww,2025-05-11 13:10:38
wtf! what a spot,https://v.redd.it/sy0qtetnb40f1,5383,169,SquaredCircle,2025-05-11 09:03:12
How Uncomfortable Does this Feel,https://i.redd.it/uu8adb2wr40f1.jpeg,10601,273,mildlyinfuriating,2025-05-11 10:33:49
He did it nicely. üëåüëç,https://v.redd.it/zevgsnazi50f1,2423,46,pranks,2025-05-11 13:05:56
Realüê£,https://v.redd.it/hsdtb2vf740f1,20957,817,funny,2025-05-11 08:39:21
Bring back Genshin‚Äôs greatest girl failure,https://i.redd.it/j74iedglw40f1.jpeg,3712,80,Genshin_Impact,2025-05-11 11:00:11
Maybe maybe maybe,https://v.redd.it/9medzf4b550f1,6438,90,maybemaybemaybe,2025-05-11 11:49:01
And yet MAGA calls her a traitor for trying to protect what they pretend to stand for.,https://v.redd.it/r8yo1eqca50f1,2730,52,MurderedByAOC,2025-05-11 12:17:25
He doesn't understand economic concepts and the differences,https://i.redd.it/2aa3womox40f1.png,7021,168,MurderedByWords,2025-05-11 11:11:06
"Nearly Half of Sexual Abuse First Happens at Age 15 or Younger, a Global Study Reveals. Nearly one out of five women and one out of seven men aged 20 and older globally faced sexual violence as a child",https://www.healthdata.org/news-events/newsroom/news-releases/nearly-half-sexual-abuse-first-happens-age-15-or-younger-global,2315,175,science,2025-05-11 13:09:10
Happy Mother's Day,https://i.redd.it/lwz4g95ze50f1.png,2497,32,BaldursGate3,2025-05-11 12:43:36
"After 3 years of wait, calculations and precise astronomical timing, Leonardo Sens captured this photo",https://i.redd.it/aoyqw0o9r30f1.jpeg,67444,477,interestingasfuck,2025-05-11 07:08:43
"Green Day‚Äôs drummer, 2 seconds after unveiling their Hollywood star",https://v.redd.it/6likwjlmr50f1,1968,109,JustGuysBeingDudes,2025-05-11 13:54:08
The apple does not fall far from the tree,https://i.redd.it/gcn7jvnqz50f1.jpeg,1737,56,NonPoliticalTwitter,2025-05-11 14:39:35
I've about reached my limit,https://i.redd.it/qkur7ltnb50f1.jpeg,2504,315,recruitinghell,2025-05-11 12:24:37
"[Nightengale] The Pittsburgh Pirates, according to information received by the players union and confirmed by several owners, are one of the most profitable teams in all of baseball, stashing a huge chunk of their revenue sharing monies instead of investing in their team year after year.",https://www.usatoday.com/story/sports/mlb/columnist/bob-nightengale/2025/05/11/pete-alonso-stats-new-york-mets/83556338007/,1734,343,baseball,2025-05-11 14:27:40
Press conference me gaand Tod di,https://www.reddit.com/r/jammu/comments/1kk1wzt/press_conference_me_gaand_tod_di/,1831,186,jammu,2025-05-11 14:10:54
Reb no!!!!!,https://i.redd.it/zko6fg62c50f1.jpeg,2461,127,Warframe,2025-05-11 12:26:51
What is your first memory of playing on a PC?,https://i.redd.it/bmykyzs8f50f1.jpeg,2329,1991,pcmasterrace,2025-05-11 12:44:42
Oblivion (2013) is the worst game adaptation ever because it looks nothing like the source material,https://www.reddit.com/gallery/1kk0cvz,2266,46,shittymoviedetails,2025-05-11 12:53:56
"[Hated Trope] Darker and Edgier being shown off as ""realistic""",https://www.reddit.com/gallery/1kjzkh7,2594,393,TopCharacterTropes,2025-05-11 12:10:31
Interrupted stare at the wall time.,https://www.reddit.com/gallery/1kk0det,2242,26,airplaneears,2025-05-11 12:54:39
Dog making sure his big sister gets pets at the day care,https://v.redd.it/2rhns1lm750f1,1818,22,AnimalsBeingBros,2025-05-11 13:57:41
A holiday reminder to take the elevator,https://i.redd.it/qnsn35g2p50f1.jpeg,1910,25,AdviceAnimals,2025-05-11 13:39:46
How did I get added to this üíÄ,https://i.redd.it/ks1xylnvq50f1.jpeg,1818,120,marvelrivals,2025-05-11 13:49:54
What is this app called,https://i.redd.it/vcvqeggdy40f1.jpeg,3017,77,reddeadredemption,2025-05-11 11:10:08
I will fight for LGBTQ+ rights until I die,https://i.redd.it/1f0gqg8wp50f1.jpeg,1834,33,lgbt,2025-05-11 13:44:24
What country concert was this?ü§†,https://i.redd.it/v41c5od3650f1.jpeg,5395,372,SipsTea,2025-05-11 11:53:25
Don't do this to your kids,https://i.redd.it/47d8zl0j050f1.jpeg,6347,115,memes,2025-05-11 11:22:13
clammy name,https://i.redd.it/uhtzdhaa850f1.jpeg,2460,106,Clamworks,2025-05-11 12:05:41
We had such high hopes for 2025.,https://i.redd.it/e3cfmn9y340f1.png,5117,79,CuratedTumblr,2025-05-11 08:19:52
piczbofpssG13fosfhxn,https://v.redd.it/fyzr6o5h740f1,4973,154,sssdfg,2025-05-11 08:39:24
"Abby Martin recalls when an Israeli spokesperson invited her to visit Israel to ""see the truth""",https://v.redd.it/h98r9ln6650f1,2426,119,WorldNewsHeadlines,2025-05-11 11:54:09
Winner of FrenchGP 2025,https://i.redd.it/kn69g2g9i50f1.jpeg,1965,240,motogp,2025-05-11 13:01:37
ichüçßiel,https://i.redd.it/8to0xazjh50f1.jpeg,1974,55,ich_iel,2025-05-11 13:00:15
üòÇüòÇüòÇüòÇ,https://i.redd.it/ivfsbiqzz50f1.jpeg,1484,148,StrangeAndFunny,2025-05-11 14:41:15
Petah how would this be good for OP?,https://i.redd.it/jmexxuj3w20f1.png,20480,229,PeterExplainsTheJoke,2025-05-11 04:15:02
Maschen Marshalling Yard Germany,https://i.redd.it/ungs8vqth40f1.jpeg,3553,54,oddlysatisfying,2025-05-11 09:41:32
USA,https://i.redd.it/d4jekfcun30f1.jpeg,16494,1123,RealTwitterAccounts,2025-05-11 06:59:07
Karachi Bakery in Hyderabad is being vandalised,https://v.redd.it/gzm5wjtse50f1,2032,488,hyderabad,2025-05-11 12:42:18
PSA: Tech companies are not building out a trillion dollars of Al infrastructure because they are hoping you'll pay $20/month to use Al tools to make you more productive. They're doing it because they know your employer will pay hundreds or thousands a month for an Al system to replace you,https://www.reddit.com/r/Futurology/comments/1kk2616/psa_tech_companies_are_not_building_out_a/,1497,163,Futurology,2025-05-11 14:22:44
She's right in saying that.,https://i.redd.it/bntnwpo2z40f1.png,2617,129,NotHowGirlsWork,2025-05-11 11:14:05
"The American Double Standard. The way things are headed, soon striking workers will be labeled terrorists.",https://i.redd.it/xit45x2hw50f1.jpeg,1463,5,WorkReform,2025-05-11 14:23:49
Chess banned in Afghanistan due to religious restrictions,https://www.khaama.com/chess-banned-in-afghanistan-due-to-religious-restrictions/,2022,194,nottheonion,2025-05-11 12:32:39
Man I can just be the lamp in the corner I‚Äôm not complaining!,https://i.redd.it/8f43o33xx40f1.jpeg,2627,163,BlackPeopleTwitter,2025-05-11 11:07:49
Still Broke,https://i.redd.it/p8g8ej7c850f1.jpeg,2188,10,Funnymemes,2025-05-11 12:06:00
"The Vanishing Jet: In 2003, Two Men Stole a Boeing 727 and Disappeared Without a Trace, Neither They Nor the Plane Have Ever Been Found",https://i.redd.it/j67h2o3me50f1.jpeg,1974,284,creepy,2025-05-11 12:41:41
my dad died 10 years ago. today i found this note hidden in the wall. i don't know how to process this.,https://www.reddit.com/r/TrueOffMyChest/comments/1kk1hc4/my_dad_died_10_years_ago_today_i_found_this_note/,1553,65,TrueOffMyChest,2025-05-11 13:50:59
Make it exist first [image],https://i.redd.it/8li7c4nth20f1.png,18963,190,GetMotivated,2025-05-11 02:53:48
wellThatWasNotOnTestCases,https://i.redd.it/qaw9lnfkw20f1.jpeg,12689,182,ProgrammerHumor,2025-05-11 04:16:28
I think there‚Äôs just one brain cell left between the two.,https://www.reddit.com/gallery/1kk063q,1880,32,OneOrangeBraincell,2025-05-11 12:43:45
Harsh but True.,https://i.redd.it/lj8fy7n1l50f1.jpeg,1736,172,indiadiscussion,2025-05-11 13:17:14
MC rides in the middle of the road and finds out,https://v.redd.it/y8x1iskjx40f1,2552,395,ImTheMainCharacter,2025-05-11 11:05:54
Crazy ass move from NJPW wrestler Ninja Mack,https://v.redd.it/02rhzwstu40f1,2634,154,Wrasslin,2025-05-11 10:50:21
"At this point, MAGA is beyond saving.",https://i.redd.it/q8w8l8ibf40f1.jpeg,7411,177,facepalm,2025-05-11 09:23:21
youtube shorts,https://i.redd.it/rw0iphg9830f1.png,8997,189,youtube,2025-05-11 05:22:02
Judge pauses much of Trump administration‚Äôs massive downsizing of federal agencies,https://apnews.com/article/trump-mass-firings-doge-lawsuit-b41f5b43f428965fd60bc272e3854e3b,16330,333,news,2025-05-11 02:41:02
Its weird rewatching Part 1 and realizing this random lady is Josuke's great-grandmother,https://i.redd.it/uigv2n8vj50f1.jpeg,1661,58,StardustCrusaders,2025-05-11 13:10:38
Still better than Tim Cook,https://i.redd.it/z7yv0rb0o50f1.png,3055,26,formuladank,2025-05-11 13:35:33
üî•A moth caterpillar,https://i.redd.it/a8waom8b930f1.jpeg,7843,78,NatureIsFuckingLit,2025-05-11 05:27:58
Irene Sanders of the Anime ‚ÄúDesert Rose: The Snow Apocalypse‚Äù,https://www.reddit.com/gallery/1kjw6qe,4077,168,TopCharacterDesigns,2025-05-11 08:24:42
Peak Bioware writing,https://i.redd.it/lf9bhtlkp50f1.png,1468,30,masseffect,2025-05-11 13:42:35
I left my 5yr old alone with the PS5 for a phone call and this happened. I own about 400 games and want to scream right now üò≠,https://i.redd.it/sabjoidh140f1.jpeg,4241,614,playstation,2025-05-11 08:05:47
Fox News really thinks this is a flex,https://i.redd.it/nza7nrbnh50f1.jpeg,1621,129,OrphanCrushingMachine,2025-05-11 12:58:12
Buddy texts me after a 12 hour shift,https://i.redd.it/9imwkbk3420f1.jpeg,57421,2236,KitchenConfidential,2025-05-11 01:36:53
Meeting dad after 2.5 years,https://v.redd.it/tdz5e856r40f1,5319,53,MadeMeSmile,2025-05-11 10:29:54
"Whistleblower, during interview, claims DOGE has potentially caused massive security risks.",https://www.pbs.org/newshour/show/nlrb-whistleblower-claims-musks-doge-potentially-caused-significant-security-breach,1587,87,fednews,2025-05-11 12:55:24
"Rapi's JP VA, Ishikawa Yui announced the birth of her first child",https://i.redd.it/fl1igulgm40f1.jpeg,2738,138,NikkeMobile,2025-05-11 10:03:23
Tomorrow‚Äôs Monday :(,https://i.redd.it/bah9wcq4260f1.jpeg,1127,39,Animemes,2025-05-11 14:53:00
Thanks now I need to go to my mom,https://v.redd.it/9r6srff3q50f1,1343,34,instant_regret,2025-05-11 13:45:33
Warsaw is growing,https://i.redd.it/iw0rsuuyp50f1.png,2630,151,europe,2025-05-11 13:44:57
Wise can't hold it anymore...,https://i.redd.it/j0zv7rt7t50f1.png,1271,33,ZenlessZoneZero,2025-05-11 14:03:02
"Trump Slows Down Internet in Rural America, Calls It a ‚ÄòWoke‚Äô and ‚ÄòIllegal‚Äô",https://thesarkariform.com/trump-slows-down-internet-in-rural-america-calls-it-a-woke-and-illegal/,4364,308,technology,2025-05-11 10:59:15
What settings do you normally turn off in EVERY game?,https://v.redd.it/o9x1yinfv40f1,2257,359,PcBuild,2025-05-11 10:53:45
That's literally their job you dumbass,https://i.redd.it/33u1dl93r50f1.jpeg,1298,131,Isekai,2025-05-11 13:51:09
I Made a DIY Automatic Card Dealer,https://v.redd.it/rn5eui2qd40f1,3016,92,functionalprint,2025-05-11 09:16:01
"A New York officer opened fire on a lost DoorDash driver, shooting him in the back and leaving him with life-threatening injuries. As a DoorDash driver you're risking your life earning close to minimum wages.",https://v.redd.it/zf5qfkwm140f1,8278,851,PublicFreakout,2025-05-11 08:06:46
For kangu lurking . üêñüêñ,https://i.redd.it/9c0qrnwxm40f1.jpeg,2739,120,Northeastindia,2025-05-11 10:06:04
Meirl,https://i.redd.it/dy0yt4k1d50f1.jpeg,3187,69,meirl,2025-05-11 12:32:21
"You don't need lots of friends, just the right ones..üêïüêæüßìüéÇüòä",https://v.redd.it/q4lx466r520f1,25677,104,awesome,2025-05-11 01:46:12
I HAVE BEEN TAUGHT TO NEVER EVER GO TO A 2ND LOCATION. Vs ICE,https://www.reddit.com/r/TwoXChromosomes/comments/1kjrsvy/i_have_been_taught_to_never_ever_go_to_a_2nd/,10232,345,TwoXChromosomes,2025-05-11 03:37:23
"These are the type of ""Star Wars fans"" that give the fandom a bad name.",https://i.redd.it/w5jao95zy50f1.png,1121,164,andor,2025-05-11 14:35:17
Imagine cold air touching those ear canals,https://v.redd.it/2tzn630cx40f1,2101,155,Satisfyingasfuck,2025-05-11 11:04:20
"Trump Slows Down Internet in Rural America, Calls It a 'Woke' and 'Illegal'",https://thesarkariform.com/trump-slows-down-internet-in-rural-america-calls-it-a-woke-and-illegal/,34871,2181,law,2025-05-11 00:55:05
Miyabi and her mom - YUYIOSANG,https://i.redd.it/xyfjcpooo40f1.png,2433,23,ZZZ_Official,2025-05-11 10:15:52
Happy Mother‚Äôs Day to the lady who‚Äôd do anything for her family,https://www.reddit.com/gallery/1kk07u0,1517,37,BobsBurgers,2025-05-11 12:46:24
[Request] Can someone explain the physics here?? The bucket can't weigh more than 30 Kilograms.,https://v.redd.it/2m30oz1xz40f1,1731,267,theydidthemath,2025-05-11 12:04:10
"When Tony Gilroy asked for S2's budget to (at least) match S1's budget, Disney pushed back on this request. However, Gilroy & Diego Luna didn't budge telling them, ""We‚Äôd be happy having season one just be the show. We‚Äôd rather not do it than do it lame.‚Äù Good reviews of S1 helped to convince Disney.",https://www.reddit.com/r/StarWars/comments/1kk0cap/when_tony_gilroy_asked_for_s2s_budget_to_at_least/,1480,115,StarWars,2025-05-11 12:53:04
Am I an awful person for hoping we'll be able to steal mobility scooters?,https://i.redd.it/fjgvtcytq40f1.png,2306,233,GTA,2025-05-11 10:27:53
TIL that the rap vocals in Evanescence's Bring Me To Life were added in by Wind-Up Records against lead singer Amy Lee's wishes due to the rising Nu-Metal scene.,https://en.wikipedia.org/wiki/Bring_Me_to_Life,16832,1193,todayilearned,2025-05-11 05:29:52
"Millennials, do you guys think there's any truth to this?",https://i.redd.it/nmfb0burx10f1.jpeg,29230,1199,Millennials,2025-05-11 01:01:54
We thought the scale was broken. It wasn't. He was just that smol.,https://www.reddit.com/gallery/1kjzt8z,1568,10,IllegallySmolCats,2025-05-11 12:24:06
Looks like he put his feet on the wrong legs.,https://i.redd.it/8i8ft058x30f1.jpeg,3875,70,confusing_perspective,2025-05-11 07:41:55
I don't get it,https://i.redd.it/ns8vzkwuq40f1.png,4894,151,ExplainTheJoke,2025-05-11 10:28:05
A true legend,https://i.redd.it/vybi2cam450f1.jpeg,3480,130,interesting,2025-05-11 11:45:09
Carthethyia‚Äôs ULT is more than 7 Carlottas long.,https://i.redd.it/kki7o04h440f1.jpeg,3398,96,WutheringWaves,2025-05-11 08:22:34
There‚Äôs a lot of potential with this one,https://www.reddit.com/gallery/1kk0x7h,1273,41,Stonetossingjuice,2025-05-11 13:22:53
Forreal it's fine,https://i.redd.it/z73ha6q8y40f1.jpeg,4219,37,shitposting,2025-05-11 11:09:24
JDM and Belal post fight X-ray revealed.,https://i.redd.it/sdhg7934930f1.jpeg,5993,313,ufc,2025-05-11 05:26:46
Queen Marika Fanart,https://i.redd.it/2ku47e8sw50f1.png,1051,99,Eldenring,2025-05-11 14:24:00
mothers day,https://i.redd.it/8sw86zeyc40f1.jpeg,2778,36,ShitPostCrusaders,2025-05-11 09:10:06
A modern way to mend broken bones,https://v.redd.it/11e36nnju40f1,4160,271,Damnthatsinteresting,2025-05-11 10:48:45
What's the first thing you‚Äôre doing?,https://i.redd.it/gni0y2b5v40f1.jpeg,1972,938,cyberpunkgame,2025-05-11 10:52:05
"On your marks, get set... Rudeness!!!",https://i.redd.it/8s5mjld7x40f1.jpeg,1884,74,GreatBritishMemes,2025-05-11 11:03:35
"Bribery in broad daylight: ABC reports Trump will accept a luxury jet from Qatar to be used as Air Force One, then transferred to his presidential library for personal use.",https://abcnews.go.com/Politics/trump-administration-poised-accept-palace-sky-gift-trump/story?id=121680511,2172,123,Fauxmoi,2025-05-11 13:55:57
Nurse john wifey reveal,https://www.reddit.com/gallery/1kk0pfn,1262,66,ChikaPH,2025-05-11 13:11:46
anime_irl,https://i.redd.it/d2vi1ykwp50f1.jpeg,2280,60,anime_irl,2025-05-11 13:44:28
Indonesian teenager survives 49 days adrift at sea after his wooden fish trap slipped its moorings. He survived on fish and seawater he squeezed from his clothing before being rescued by a passing cargo ship.,https://v.redd.it/9k2sht1g060f1,962,48,woahthatsinteresting,2025-05-11 14:44:09
scenery can be bought for medals,https://i.redd.it/8rzm7eyza50f1.png,1477,106,ClashOfClans,2025-05-11 12:21:11
To avoid a wrestling move,https://v.redd.it/tqbsjra2750f1,3121,80,therewasanattempt,2025-05-11 11:59:43
He needs all support he can get,https://v.redd.it/vmaa0nrfi50f1,1289,73,GenshinImpact,2025-05-11 13:02:37
"Random car parked at stop sign, doors unlocked, at 1 am.  Not in the hood.",https://i.redd.it/vertc4d0y50f1.jpeg,1020,67,oddlyterrifying,2025-05-11 14:29:56
anarchyüè≥Ô∏è‚Äç‚ößÔ∏èchess,https://www.reddit.com/gallery/1kk062e,1365,157,AnarchyChess,2025-05-11 12:43:41
Dog making sure his big sister gets pets at the day care,https://v.redd.it/2rhns1lm750f1,1434,4,dogvideos,2025-05-11 12:22:53
Another one!,https://v.redd.it/gzggzxumd50f1,1394,19,FunnyAnimals,2025-05-11 12:35:41
5 - 2 flashbacks incoming,https://i.redd.it/9eb27q7i360f1.png,895,58,soccercirclejerk,2025-05-11 15:00:41
BIG CAT Week coming up... üêÖ,https://www.reddit.com/gallery/1kk153z,1373,74,Superstonk,2025-05-11 13:34:10
What the fuck is in his head,https://v.redd.it/qanhlposo30f1,4145,101,CrazyFuckingVideos,2025-05-11 06:54:56
No way we made it to The Gamer,https://i.redd.it/g7o32htyf50f1.png,1298,35,Silksong,2025-05-11 12:48:45
Let‚Äôs not bring earthquakes into to this discussion,https://i.redd.it/7ckqdhxr160f1.jpeg,930,5,technicallythetruth,2025-05-11 14:50:59
WTF!!,https://i.redd.it/vlf6irott50f1.jpeg,2086,28,HolUp,2025-05-11 14:06:26
Thousands of Druze university students are forced to flee Damascus for fear of being massacred,https://v.redd.it/rqlsrew8050f1,1680,393,AllThatIsInteresting,2025-05-11 11:21:11
God forbid a girl do a little spiraling,https://www.reddit.com/gallery/1kk29oj,947,32,LetGirlsHaveFun,2025-05-11 14:27:19
Wer von euch war das?,https://i.redd.it/zy95hmlcc50f1.jpeg,1348,34,Finanzen,2025-05-11 12:28:29
The Unexpected Confession,https://v.redd.it/fnhau4e2d40f1,2427,120,TikTokCringe,2025-05-11 09:12:45
"A russian kindergarten teacher forced a child to kiss the ground because the little one said he hates Russia, calling him a scumbag..",https://v.redd.it/dag530ck150f1,1600,178,UkraineWarVideoReport,2025-05-11 11:29:48
Happy man,https://v.redd.it/tw46qyi0340f1,6502,100,GuysBeingDudes,2025-05-11 08:14:26
